{"cameraMode":{"drawMode":0,"name":"Shaded","section":"Shading Mode"},"sceneLighting":true,"audioPlay":false,"sceneViewState":{"m_AlwaysRefresh":false,"showFog":true,"showSkybox":true,"showFlares":true,"showImageEffects":true,"showParticleSystems":true,"showVisualEffectGraphs":true,"m_FxEnabled":true},"in2DMode":false,"pivot":{"x":-2.425577402114868,"y":-0.6883938312530518,"z":0.40765833854675295},"rotation":{"x":0.4131382703781128,"y":0.019670957699418069,"z":-0.00892264861613512,"w":0.9104201197624207},"size":5.382200717926025,"orthographic":true}