{"cameraMode":{"drawMode":0,"name":"Shaded","section":"Shading Mode"},"sceneLighting":true,"audioPlay":false,"sceneViewState":{"m_AlwaysRefresh":false,"showFog":true,"showSkybox":true,"showFlares":true,"showImageEffects":true,"showParticleSystems":true,"showVisualEffectGraphs":true,"m_FxEnabled":true},"in2DMode":false,"pivot":{"x":-1.0435638427734376,"y":-0.48115968704223635,"z":1.585649847984314},"rotation":{"x":-0.003408712102100253,"y":-0.8809438347816467,"z":0.4731692969799042,"w":-0.006346222944557667},"size":2.1950666904449465,"orthographic":true}