{"cameraMode":{"drawMode":0,"name":"Shaded","section":"Shading Mode"},"sceneLighting":true,"audioPlay":false,"sceneViewState":{"m_AlwaysRefresh":false,"showFog":true,"showSkybox":true,"showFlares":true,"showImageEffects":true,"showParticleSystems":true,"showVisualEffectGraphs":true,"m_FxEnabled":true},"in2DMode":false,"pivot":{"x":-0.17797785997390748,"y":1.8940273523330689,"z":4.142288684844971},"rotation":{"x":-0.00016797491116449237,"y":0.9739567637443543,"z":-0.22691592574119569,"w":-0.0008680355385877192},"size":1.3099567890167237,"orthographic":false}