{"cameraMode":{"drawMode":0,"name":"Shaded","section":"Shading Mode"},"sceneLighting":true,"audioPlay":false,"sceneViewState":{"m_AlwaysRefresh":false,"showFog":true,"showSkybox":true,"showFlares":true,"showImageEffects":true,"showParticleSystems":true,"showVisualEffectGraphs":true,"m_FxEnabled":true},"in2DMode":false,"pivot":{"x":-1.4417734146118165,"y":0.4399999976158142,"z":8.045877456665039},"rotation":{"x":0.37446266412734988,"y":-0.13967399299144746,"z":0.05716835707426071,"w":0.9148790240287781},"size":0.9031787514686585,"orthographic":true}